{"_type":"export","__export_format":4,"__export_date":"2022-05-17T20:52:25.619Z","__export_source":"insomnia.desktop.app:v2021.5.3","resources":[{"_id":"req_c2e0b6e0d94949f390da125a8f33b9b5","parentId":"fld_bbb1c850d333479593b5ac4b709d92eb","modified":1652820640370,"created":1647535661331,"url":"{{ _.BASE_URL }}/{{ _.RESOURCE }}/1","name":"Create","description":"","method":"GET","body":{},"parameters":[{"id":"pair_8961838b58924e3d966f32fc1cbe647f","name":"","value":"","description":""}],"headers":[],"authentication":{},"metaSortKey":-1647535661331,"isPrivate":false,"settingStoreCookies":true,"settingSendCookies":true,"settingDisableRenderRequestBody":false,"settingEncodeUrl":true,"settingRebuildPath":true,"settingFollowRedirects":"global","_type":"request"},{"_id":"fld_bbb1c850d333479593b5ac4b709d92eb","parentId":"wrk_5ef77b8c92314795bf222331234c1f8b","modified":1652820086494,"created":1647535652123,"name":"Tags","description":"","environment":{"RESOURCE":"tags"},"environmentPropertyOrder":{"&":["RESOURCE"]},"metaSortKey":-1647462951968,"_type":"request_group"},{"_id":"wrk_5ef77b8c92314795bf222331234c1f8b","parentId":null,"modified":1647465058336,"created":1633377799133,"name":"RocketNotes","description":"","scope":"collection","_type":"workspace"},{"_id":"req_8fb7ee95d2254b3ea8793a1de379fd3c","parentId":"fld_e10def25ed944bd4b145fb5d19aa7153","modified":1652820445262,"created":1647524247436,"url":"{{ _.BASE_URL }}/{{ _.RESOURCE }}/1","name":"Create","description":"","method":"POST","body":{"mimeType":"application/json","text":"{\n\t\"title\": \"Criptografia de dados\",\n\t\"description\": \"Essa é somente uma nota para testar\",\n\t\"tags\": [\"node\", \"bcryptjs\"],\n\t\"links\": [\"link1\", \"link2\"]\n}"},"parameters":[],"headers":[{"name":"Content-Type","value":"application/json","id":"pair_6b01acd7a124462298943e8212d7696c"}],"authentication":{},"metaSortKey":-1647524247436,"isPrivate":false,"settingStoreCookies":true,"settingSendCookies":true,"settingDisableRenderRequestBody":false,"settingEncodeUrl":true,"settingRebuildPath":true,"settingFollowRedirects":"global","_type":"request"},{"_id":"fld_e10def25ed944bd4b145fb5d19aa7153","parentId":"wrk_5ef77b8c92314795bf222331234c1f8b","modified":1652820089401,"created":1647524237225,"name":"Notes","description":"","environment":{"RESOURCE":"notes"},"environmentPropertyOrder":{"&":["RESOURCE"]},"metaSortKey":-1647462951943,"_type":"request_group"},{"_id":"req_a60d9fb7945648af842e3ce43ef4b40a","parentId":"fld_e10def25ed944bd4b145fb5d19aa7153","modified":1652820620776,"created":1647533556695,"url":"{{ _.BASE_URL }}/{{ _.RESOURCE }}/1","name":"Delete","description":"","method":"DELETE","body":{},"parameters":[],"headers":[],"authentication":{},"metaSortKey":-1647524024358.5,"isPrivate":false,"settingStoreCookies":true,"settingSendCookies":true,"settingDisableRenderRequestBody":false,"settingEncodeUrl":true,"settingRebuildPath":true,"settingFollowRedirects":"global","_type":"request"},{"_id":"req_d132e758fbfb468ea5e1c7442f4e234e","parentId":"fld_e10def25ed944bd4b145fb5d19aa7153","modified":1652820518777,"created":1647539055285,"url":"{{ _.BASE_URL }}/{{ _.RESOURCE }}","name":"Index","description":"","method":"GET","body":{},"parameters":[{"id":"pair_723504e155b9435088a73edc6c22351b","name":"user_id","value":"1","description":""},{"id":"pair_6c81e94dcc7a43c6bbd8b28e977f0b54","name":"title","value":"","description":""},{"id":"pair_c41b54201d66484d9298ee86d1fe083f","name":"tags","value":"","description":""}],"headers":[],"authentication":{},"metaSortKey":-1647523912819.75,"isPrivate":false,"settingStoreCookies":true,"settingSendCookies":true,"settingDisableRenderRequestBody":false,"settingEncodeUrl":true,"settingRebuildPath":true,"settingFollowRedirects":"global","_type":"request"},{"_id":"req_82eb6c2f9bb9444a86907c264d647083","parentId":"fld_e10def25ed944bd4b145fb5d19aa7153","modified":1652820609434,"created":1648049366788,"url":"{{ _.BASE_URL }}/{{ _.RESOURCE }}/1","name":"Show","description":"","method":"GET","body":{},"parameters":[],"headers":[],"authentication":{},"metaSortKey":-1647523801281,"isPrivate":false,"settingStoreCookies":true,"settingSendCookies":true,"settingDisableRenderRequestBody":false,"settingEncodeUrl":true,"settingRebuildPath":true,"settingFollowRedirects":"global","_type":"request"},{"_id":"req_14a9459f15f14ca299415be6d89c8daa","parentId":"fld_b663e568dc3643b5b662c04d50951e09","modified":1648552894340,"created":1633377811193,"url":"{{ _.BASE_URL }}/{{ _.RESOURCE }}","name":"Create","description":"","method":"POST","body":{"mimeType":"application/json","text":"{\n\t\"name\": \"Rodrigo\",\n\t\"email\": \"rodrigo@email.com\",\n\t\"password\": \"123\"\n}"},"parameters":[],"headers":[{"id":"pair_040279a0b8c0408c95676f1fcc833d6c","name":"Accept","value":"application/json","description":"","disabled":false},{"name":"Content-Type","value":"application/json","id":"pair_0927013f55ff4b9bb1a4082f1b370ed0"}],"authentication":{},"metaSortKey":-1633377811193,"isPrivate":false,"settingStoreCookies":true,"settingSendCookies":true,"settingDisableRenderRequestBody":false,"settingEncodeUrl":true,"settingRebuildPath":true,"settingFollowRedirects":"global","_type":"request"},{"_id":"fld_b663e568dc3643b5b662c04d50951e09","parentId":"wrk_5ef77b8c92314795bf222331234c1f8b","modified":1647620528959,"created":1647462951918,"name":"User","description":"","environment":{"RESOURCE":"users"},"environmentPropertyOrder":{"&":["RESOURCE"]},"metaSortKey":-1647462951918,"_type":"request_group"},{"_id":"req_19e3555159ad4c94ad10ae75fc8671ba","parentId":"fld_b663e568dc3643b5b662c04d50951e09","modified":1652820383506,"created":1647464524875,"url":"{{ _.BASE_URL }}/{{ _.RESOURCE }}/1","name":"Update","description":"","method":"PUT","body":{"mimeType":"application/json","text":"{\n\t\"name\": \"Rodrigo Gonçalves\",\n\t\"email\": \"rodrigo@email.com\",\n\t\"password\": \"1234\",\n\t\"old_password\": \"123\"\n}"},"parameters":[],"headers":[{"id":"pair_040279a0b8c0408c95676f1fcc833d6c","name":"Accept","value":"application/json","description":"","disabled":false},{"name":"Content-Type","value":"application/json","id":"pair_0927013f55ff4b9bb1a4082f1b370ed0"}],"authentication":{},"metaSortKey":-1633377811143,"isPrivate":false,"settingStoreCookies":true,"settingSendCookies":true,"settingDisableRenderRequestBody":false,"settingEncodeUrl":true,"settingRebuildPath":true,"settingFollowRedirects":"global","_type":"request"},{"_id":"env_afcfc2dd88a77131587aece93444f71052c0e7a4","parentId":"wrk_5ef77b8c92314795bf222331234c1f8b","modified":1647462918125,"created":1633377799139,"name":"Base Environment","data":{},"dataPropertyOrder":{},"color":null,"isPrivate":false,"metaSortKey":1633377799139,"_type":"environment"},{"_id":"jar_afcfc2dd88a77131587aece93444f71052c0e7a4","parentId":"wrk_5ef77b8c92314795bf222331234c1f8b","modified":1634162157750,"created":1633377799140,"name":"Default Jar","cookies":[{"key":"_device_id","value":"001c16aab0b29eac55bbd534c8028b63","expires":"2022-10-13T21:55:57.000Z","domain":"github.com","path":"/","secure":true,"httpOnly":true,"extensions":["SameSite=Lax"],"hostOnly":true,"creation":"2021-10-13T21:55:57.749Z","lastAccessed":"2021-10-13T21:55:57.749Z","id":"851026325760569"},{"key":"_octo","value":"GH1.1.1157762022.1634162157","expires":"2022-10-13T21:55:57.000Z","domain":"github.com","path":"/","secure":true,"extensions":["SameSite=Lax"],"hostOnly":false,"creation":"2021-10-13T21:55:57.749Z","lastAccessed":"2021-10-13T21:55:57.749Z","id":"4642291531886882"},{"key":"logged_in","value":"no","expires":"2022-10-13T21:55:57.000Z","domain":"github.com","path":"/","secure":true,"httpOnly":true,"extensions":["SameSite=Lax"],"hostOnly":false,"creation":"2021-10-13T21:55:57.749Z","lastAccessed":"2021-10-13T21:55:57.749Z","id":"4693962145273256"},{"key":"_gh_sess","value":"RQ2nQTVO0ckKmNmTA1Hwr8907x7G%2FYvQTztjzeJQMEST5xvAbuLT7TLq7YRFVQRX7JmelhHomV379TaHy4TUlrkqkA6GQLgUhFe3E%2B8nNC9syfu9DO5gVK9vqZwv3QY%2FbGdM5B%2Fk6bsdRyqJkAVkn98PcI4I%2B45Epb50rKbmPbsNHkX8l0zIg4DW768Zb8vAN154VbPTsiYinUtXhuJ6%2BqbnHpNnCD2%2FNRJWgt6R4QbEUMWGzOOyhCH2dtyE5Pq3379O1DGkiT9H4gCNrXc3uA%3D%3D--b2WdxmhZ%2FvWow85f--Z2vQfDqsqzsa701S4q25dA%3D%3D","domain":"github.com","path":"/","secure":true,"httpOnly":true,"extensions":["SameSite=Lax"],"hostOnly":true,"creation":"2021-10-13T21:55:57.749Z","lastAccessed":"2021-10-13T21:55:57.749Z","id":"7454727516354425"}],"_type":"cookie_jar"},{"_id":"spc_c55b34b4553b4507bf5c92c452c40923","parentId":"wrk_5ef77b8c92314795bf222331234c1f8b","modified":1633377799135,"created":1633377799135,"fileName":"Test","contents":"","contentType":"yaml","_type":"api_spec"},{"_id":"env_626a99ade9c44ac2ae7c4539c4f83f31","parentId":"env_afcfc2dd88a77131587aece93444f71052c0e7a4","modified":1652820077238,"created":1647462919357,"name":"dev","data":{"BASE_URL":"http://localhost:3333"},"dataPropertyOrder":{"&":["BASE_URL"]},"color":"#4dda01","isPrivate":false,"metaSortKey":1647462919357,"_type":"environment"}]}